SITE_ID,General classification,State,Data source/network,Period of record,Energy balance,Latitude,Longitude,Elevation (m),Land cover details,Land cover type,Measurement technique,Contact for sites not downloaded from AmeriFlux network,Contact email,DOI,Team member,Member role,Member institution,Member email,Site name
US-KLS,Croplands,KS,AmeriFlux,12/2014-12/2016,0.779878090305757,38.7745,-97.5684,373.0,Wheatgrass,Annual crops,Eddy covariance,,,10.17190/AMF/1498745,Nathaniel Brunsell,PI,Kansas University,brunsell@ku.edu,Kansas Land Institute
Ellendale,Croplands,LA,Delta-Flux,8/2018-12/2020,0.77,29.633321,-90.827662,2.0,Sugarcane,Annual crops,Eddy covariance,Benjamin Runkle,brrunkle@uark.edu,,,,,,
US-Br3,Croplands,IA,AmeriFlux,01/2005-11/2011,0.81109377851612,41.97472,-93.69357,313.0,Corn and soy rotation,Annual crops,Eddy covariance,,,10.17190/AMF/1246039,John Prueger,PI,National Laboratory for Agriculture and the Environment,john.prueger@ars.usda.gov,Brooks Field Site 11- Ames
US-OF1,Croplands,AR,Delta-Flux,5/2017-9/2017,0.837238970755243,35.7370669999999,-90.0492,70.0,Rice,Annual crops,Eddy covariance,Benjamin Runkle,brrunkle@uark.edu,,,,,,
US-Ro1,Croplands,MN,AmeriFlux,01/2011-12/2016,0.77851326572542,44.7143,-93.0898,260.0,"Agricultural, corn and soybean rotation",Annual crops,Eddy covariance,,,10.17190/AMF/1246092,John Baker,PI,USDA-ARS,john.baker@ars.usda.gov,Rosemount- G21
US-OF4,Croplands,AR,Delta-Flux,5/2018-8/2018,0.894995199607543,35.734346,-90.037982,71.0,Rice,Annual crops,Eddy covariance,Benjamin Runkle,brrunkle@uark.edu,,,,,,
US-Ro5,Croplands,MN,AmeriFlux,03/2017-12/2017,0.774874465430292,44.691,-93.0576,283.0,Corn/soy rotation,Annual crops,Eddy covariance,,,10.17190/AMF/1419508,John Baker,PI,USDA-ARS,john.baker@ars.usda.gov,Rosemount I18_South
US-AR1,Croplands,OK,AmeriFlux,06/2009-12/2012,1.08952725313803,36.4267,-99.42,611.0,Planted Switchgrass,Annual crops,Eddy covariance,,,10.17190/AMF/1246137,Dave Billesbach,PI,University of Nebraska,dbillesbach1@unl.edu,ARM USDA UNL OSU Woodward Switchgrass 1
US-Ro2,Croplands,MN,AmeriFlux,01/2016-12/2016,0.758445112224195,44.7288,-93.0888,292.0,Corn-Soybean-Kura Clover annual rotation,Annual crops,Eddy covariance,,,10.17190/AMF/1418683,John Baker,PI,USDA-ARS,john.baker@ars.usda.gov,Rosemount- C7
US-Dk1,Croplands,NC,AmeriFlux,01/2006-11/2008,0.874421087341311,35.9712,-79.09338,168.0,Grass (Festuca arundinacea),Annual crops,Eddy covariance,,,10.17190/AMF/1246046,Chris Oishi,PI,USDA Forest Service,christopher.oishi@gmail.com,Duke Forest-open field
US-Ro6,Croplands,MN,AmeriFlux,03/2017-12/2017,0.802524967752314,44.6946,-93.05776,282.0,Corn/soybean/clover rotation,Annual crops,Eddy covariance,,,10.17190/AMF/1419509,John Baker,PI,USDA-ARS,john.baker@ars.usda.gov,Rosemount I18_North
US-Br1,Croplands,IA,AmeriFlux,04/2005-11/2011,0.809648677235685,41.9749,-93.6906,313.0,Corn and soy rotation,Annual crops,Eddy covariance,,,10.17190/AMF/1246038,John Prueger,PI,National Laboratory for Agriculture and the Environment,john.prueger@ars.usda.gov,Brooks Field Site 10- Ames
US-OF6,Croplands,AR,Delta-Flux,5/2018-8/2018,0.779328672384337,35.729972,-90.0403329999999,70.0,Rice,Annual crops,Eddy covariance,Benjamin Runkle,brrunkle@uark.edu,,,,,,
US-Bo1,Croplands,IL,AmeriFlux,08/1996-04/2008,0.841126809259668,40.0062,-88.2904,219.0,"Corn (2005, 2007) and soy rotation (2006, 2008), no-till",Annual crops,Eddy covariance,,,10.17190/AMF/1246036,Tilden Meyers,PI,NOAA/ARL,Tilden.Meyers@noaa.gov,Bondville
US-Bkg,Croplands,SD,AmeriFlux,04/2004-03/2010,0.994776351626814,44.34529,-96.83617,510.0,Native grass pasture,Annual crops,Eddy covariance,,,10.17190/AMF/1246040,Tilden Meyers,PI,NOAA/ARL,Tilden.Meyers@noaa.gov,Brookings
US-OF2,Croplands,AR,Delta-Flux,6/2017-9/2017,0.757823427471994,35.7406,-90.0489,70.0,Rice,Annual crops,Eddy covariance,Benjamin Runkle,brrunkle@uark.edu,,,,,,
